name,cost,price,discount
[DESK] THOMAS MASON OFFICE SHIRT,85892,158000,5
[DESK] BASIC STRIPE TIE [NAVY],15992,25000,5
[DESK] GRAND CRU WOOL V-NECK KNIT [BLACK],42850,118000,5
[DESK] GRAND CRU WOOL MOCK-NECK KNIT [CHARCOAL],46238,118000,5
[DESK] GRAND CRU WOOL V-NECK KNIT [CHARCOAL],46238,118000,5
[DESK] GRAND CRU WOOL V-NECK KNIT [DARK NAVY],46238,118000,5
[DESK] GRAND CRU WOOL V-NECK KNIT [DEEP BROWN],46238,118000,5
[DESK] GRAND CRU WOOL V-NECK KNIT [MELANGE GRAY],46238,118000,5
[DESK] GRAND CRU WOOL V-NECK KNIT [SILVER BLUE],46238,118000,5
[DESK] NATURAL CHINO JACKET [WASHED BLACK],59290,208000,5
[DESK] NATURAL CHINO JACKET [WASHED CHARCOAL],72566,208000,5
[DESK] NATURAL CHINO JACKET [WASHED NAVY],88629,208000,5
[DESK] NATURAL CHINO PANTS [LIGHT BEIGE],61974,139000,5
[DESK] NATURAL CHINO PANTS [WASHED BEIGE],54329,139000,5
[DESK] NATURAL CHINO PANTS [WASHED BLACK],42561,139000,5
[DESK] NATURAL CHINO PANTS [WASHED CHARCOAL],51480,139000,5
[DESK] NATURAL CHINO PANTS [WASHED KHAKI],57475,139000,5
[DESK] NATURAL CHINO PANTS [WASHED NAVY],51480,139000,5
[DESK] OFFICE HALF SHIRT [LIGHT BLUE],29576,65000,15
[DESK] OFFICE HALF SHIRT [LIGHT GRAY],29576,65000,15
[DESK] OFFICE SHIRT [DEEP CHARCOAL],30962,64000,15
[DESK] OFFICE SHIRT [FOG],33393,64000,15
[DESK] OFFICE SHIRT [GRAPHITE],33393,64000,15
[DESK] OFFICE SHIRT [GRAY],33393,64000,15
[DESK] OFFICE SHIRT [ICE BLUE],30962,64000,15
[DESK] OFFICE SHIRT [INK NAVY],30962,64000,15
[DESK] OFFICE SHIRT [WHITE],33393,64000,15
[DESK] STRIPE SHIRT [BLACK],35450,64000,15
[DESK] ONE TUCK CHINO SHORTS [WASHED BEIGE],39384,82000,5
[DESK] ONE TUCK CHINO SHORTS [WASHED CHARCOAL],39384,82000,5
[DESK] ONE TUCK CHINO SHORTS [WASHED KHAKI],39384,82000,5
[DESK] SLIM TIE [BLACK],15992,55000,15
[DESK] STRIPE SLIM TIE [GRAY],15992,55000,15
[DESK] STRIPE SLIM TIE [WHITE],15992,55000,15
[DESK] WOOL SLIM TIE [BLACK],19790,55000,15
[DESK] WOOL SLIM TIE [CHARCOAL],19790,55000,15
[JAPANESE FABRIC] CRINKLE CHECK SHIRT [BLACK],45945,118000,0
[JAPANESE FABRIC] CRINKLE CHECK SHIRT [BROWN],45947,118000,0
[JAPANESE FABRIC] CRINKLE CHECK SHIRT [IVORY],45945,118000,0
[JAPANESE FABRIC] CRINKLE CHECK SHIRT [PURPLE],45948,118000,0
[JAPANESE FABRIC] EMBOSSED SMALL CHECK SHIRT [BLUE BEIGE],76620,158000,0
[JAPANESE FABRIC] EMBOSSED SMALL CHECK SHIRT [BLUE],76625,158000,0
[JAPANESE FABRIC] EMBOSSED SMALL CHECK SHIRT [NAVY BROWN],76620,158000,0
[JAPANESE FABRIC] FLANNEL OMBRE CHECK SHIRT,85610,158000,0
[JAPANESE FABRIC] OMBRE CHECK SHIRT [BEIGE BLUE],88791,158000,0
[LEISURE] FIDLOCK ROAM BELT [BLACK],19744,52000,5
[LEISURE] FIDLOCK ROAM BELT [KHAKI],19744,52000,5
[LEISURE] TWO POCKET ROAM HALF SHIRT [BLACK],41071,92000,5
[UNIONBLUE X ENTRANCE] DIFFUSER AMBIENCE 150ml [HINOKI],10941,44900,5
[V2] CASHMERE WOOL CREWNECK KNIT [BLACK],59422,138000,10
[V2] CASHMERE WOOL CREWNECK KNIT [CHARCOAL],59422,138000,10
[V2] CASHMERE WOOL CREWNECK KNIT [CLOUD],59422,138000,10
[V2] CASHMERE WOOL CREWNECK KNIT [DARK NAVY],59422,138000,10
[V2] CASHMERE WOOL CREWNECK KNIT [MELANGE BROWN],59422,138000,10
[V2] CASHMERE WOOL CREWNECK KNIT [MELANGE GRAY],59422,138000,10
[V2] CASHMERE WOOL CREWNECK KNIT [MELANGE LIGHT BEIGE],59422,138000,10
[V2] CASHMERE WOOL CREWNECK KNIT [MELANGE LIGHT BLUE],59422,138000,10
[V2] CASHMERE WOOL CREWNECK KNIT [MELANGE LIGHT PINK],59422,138000,10
[V2] CASHMERE WOOL CREWNECK KNIT [MELANGE LIGHT PURPLE],59422,138000,10
[V2] H.I.A LOGO PRINTED T-SHIRT [FADED BLACK],23905,68000,10
[V2] H.I.A LOGO PRINTED T-SHIRT [WASHED CHARCOAL],21705,68000,10
[V2] TIPSY DRINKING TEAM PRINTED T-SHIRT [DYED BLACK],28915,68000,10
[V2] TIPSY DRINKING TEAM PRINTED T-SHIRT [DYED NAVY],28915,68000,10
[V2] VINTAGE CADET BALL CAP [WASHED BLACK],17502,43000,5
[WOMAN] CASHMERE WOOL CREWNECK KNIT [DARK GRAY],47008,138000,5
[WOMAN] CASHMERE WOOL CREWNECK KNIT [DARK NAVY],47008,138000,5
[WOMAN] CASHMERE WOOL CREWNECK KNIT [MELANGE GRAY],47008,138000,5
[WOMAN] CASHMERE WOOL CREWNECK KNIT [MELANGE PURPLE],47008,138000,5
[WOMAN] CASHMERE WOOL CREWNECK KNIT [NATURAL BROWN],47008,138000,5
[WOMAN] CASHMERE WOOL ROUND CARDIGAN [DARK GRAY],51155,148000,5
[WOMAN] CASHMERE WOOL ROUND CARDIGAN [DARK NAVY],51155,148000,5
[WOMAN] CASHMERE WOOL ROUND CARDIGAN [MELANGE GRAY],51155,148000,5
[WOMAN] CASHMERE WOOL ROUND CARDIGAN [NATURAL BROWN],51155,148000,5
[WOMAN] CASHMERE WOOL V-NECK KNIT [DARK GRAY],47008,138000,5
[WOMAN] CASHMERE WOOL V-NECK KNIT [DARK NAVY],47008,138000,5
[WOMAN] CASHMERE WOOL V-NECK KNIT [NATURAL BROWN],47008,138000,5
[WOMAN] LAUNDRY SHIRT [LAVENDER GRAY],26445,62000,5
[WOMAN] LAUNDRY SHIRT [LEMON],26445,62000,5
[WOMAN] LAUNDRY SHIRT [NAVY],26445,62000,5
[WOMAN] LAUNDRY SHIRT [PURPLE GRAY],26445,62000,5
[WOMAN] LAUNDRY SHIRT [SAX BLUE],26445,62000,5
[WOMAN] LAUNDRY SHIRT [WHITE],26445,62000,5
[WOMAN] LAUNDRY SMALL CHECK SHIRT [CHARCOAL BLACK],36772,72000,5
[WOMAN] PREMIER CRU ELEVEN KNIT [CREAM],43565,139000,5
[WOMAN] PREMIER CRU ELEVEN KNIT [LAVENDER],43565,139000,5
[WOMAN] PREMIER CRU ELEVEN KNIT [MELANGE GRAY],43565,139000,5
[WOMAN] PREMIER CRU ELEVEN KNIT [NATURAL BROWN],43565,139000,5
[단종]EDITOR SHIRT [CLEAN],30355,83000,0
[단종]EDITOR SHIRT [FOG],30355,83000,0
[단종]EDITOR SHIRT [GRAY],30355,83000,0
[단종]EDITOR SHIRT [PINK],30355,83000,0
[단종]EDITOR SHIRT [SAX BLUE],30355,83000,0
[단종]EDITOR SHIRT [SKY BLUE],30355,83000,0
[단종]EDITOR SHIRT [WHITE],30355,83000,0
25mm BASIC LEATHER BELT [BRONZE/BROWN],19727,56000,5
25mm BASIC LEATHER BELT [SILVER/BLACK],16727,56000,5
25mm LEATHER ROLLER BUCKLE BELT [BLACK],21402,56000,5
25mm LEATHER ROLLER BUCKLE BELT [BROWN],21402,56000,5
25mm LEATHER WEAVING BELT [BLACK],28167,56000,5
25mm LEATHER WEAVING BELT [BROWN],28167,56000,5
5PK ARCHON SELVEDGE WIDE DENIM [BLEACHED]	89548	198000	5
5PK ARCHON SELVEDGE WIDE DENIM [ONE WASH]	104882	198000	5
5PK CAMPUS DENIM PANTS [BLEACHED BLUE]	46560	108000	5
5PK CAMPUS DENIM PANTS [ONE WASH]	39410	108000	5
5PK PIER SELVEDGE REGULAR DENIM [ONE WASH]	89917	198000	5
5PK VINTAGE COTTON PANTS [DYED GRAY]	41055	108000	5
5PK VINTAGE COTTON PANTS [PURPLE GRAY]	41055	108000	5
5PK VINTAGE COTTON PANTS [WASHED BEIGE]	41055	108000	5
5PK VINTAGE COTTON PANTS [WASHED BLACK]	41055	108000	5
70/30 FIELD JACKET (BLACK)	138135	278000	5
70/30 FIELD JACKET (BROWN)	138135	278000	5
ALPACA BRUSHED STRIPE KNIT [GRANITE]	54950	148000	5
ALPACA BRUSHED STRIPE KNIT [IVY SAND]	54950	148000	5
ALPACA BRUSHED STRIPE KNIT [WOOD TAUPE]	54950	148000	5
ARCHON WIDE DENIM PANTS [BRUSHED BLACK]	47842	128000	5
ARCHON WIDE DENIM PANTS [LIGHT BLUE]	48997	128000	5
ARCHON WIDE DENIM PANTS [MID BLUE]	47407	108000	5
ARCHON WIDE DENIM PANTS [WASHED BLACK]	46742	128000	5
AURORA ALPACA CROP CARDIGAN [BLACK]	55126	148000	5
AURORA ALPACA CROP CARDIGAN [CHARCOAL]	55126	148000	5
AURORA ALPACA CROP CARDIGAN [DARK OLIVE]	55126	148000	5
AURORA ALPACA CROP CARDIGAN [MELANGE GRAY]	55126	148000	5
AURORA ALPACA KNIT [CLOUD]	49318	138000	5
AURORA ALPACA KNIT [COTTON CANDY]	49318	138000	5
AURORA ALPACA KNIT [DARK DENIM]	49318	138000	5
AURORA ALPACA KNIT [DEEP BLUE]	49318	138000	5
AURORA ALPACA KNIT [HAZE]	49318	138000	5
AURORA ALPACA KNIT [LILAC]	49318	138000	5
AURORA ALPACA KNIT [MELANGE BLUE]	49318	138000	5
AURORA ALPACA KNIT [MELANGE GRAY]	49318	138000	5
AURORA ALPACA KNIT [NATURAL]	49318	138000	5
AURORA ALPACA KNIT [SILVER]	49318	138000	5
AURORA ALPACA KNIT [WOODCHIP]	49318	138000	5
AURORA ALPACA POLO KNIT [DARK DENIM]	53432	138000	5
AURORA ALPACA POLO KNIT [DARK OLIVE]	53432	138000	5
AURORA ALPACA POLO KNIT [GRAY]	53432	138000	5
AURORA ALPACA POLO KNIT [GREEN HEIGHTS]	53432	138000	5
BACK FLAP SHELL PARKA (DOVE)	136733	289000	5
BACK SATIN FATIGUE SHORTS [IVORY]	46025	89000	5
BACK SATIN FATIGUE SHORTS [OLIVE]	46025	89000	5
BASIC ALLDAY T-SHIRT [BLACK]	18183	39000	10
BASIC ALLDAY T-SHIRT [GRAPHITE]	18183	39000	10
BASIC ALLDAY T-SHIRT [WHITE]	18183	39000	10
BERMUDA CARGO SHORTS [BLACK]	77525	139000	10
BERMUDA CARGO SHORTS [KHAKI]	77525	139000	10
BERMUDA SWEAT SHORTS [BLACK]	24663	64000	10
BERMUDA SWEAT SHORTS [GRAY]	24663	64000	10
BORDER STRIPE KNIT [FOG BLUE]	71010	168000	5
BORDER STRIPE KNIT [STONE GRAY]	71010	168000	5
BRIGHTON STRIPE SHIRT	35910	82000	5
CABLE COTTON KNIT [BLACK]	39418	118000	10
CABLE COTTON KNIT [KHAKI GRAY]	39418	118000	10
CABLE COTTON KNIT [NAVY]	39418	118000	10
CABLE COTTON KNIT [RED]	39418	118000	10
CABLE MERINO WOOL KNIT [BLACK]	43213	128000	10
CABLE MERINO WOOL KNIT [DARK GRAY]	43213	128000	10
CABLE MERINO WOOL KNIT [NAVY]	43213	128000	10
CABLE MERINO WOOL KNIT [RED]	43213	128000	10
CABLE WOOL CROP CARDIGAN [CHARCOAL]	44291	128000	10
CABLE WOOL CROP CARDIGAN [NAVY]	44291	128000	10
CABLE WOOL CROP CARDIGAN [RED]	44291	128000	10
CADET LOGO PRINTED T-SHIRT [DYED BLACK]	28365	68000	10
CADET LOGO PRINTED T-SHIRT [DYED NAVY]	28365	68000	10
CASHMERE WOOL CREWNECK KNIT [BURGUNDY]	51078	138000	10
CASHMERE WOOL CREWNECK KNIT [CACAO BROWN]	51078	138000	10
CASHMERE WOOL CREWNECK KNIT [COBALT]	51078	138000	10
CASHMERE WOOL CREWNECK KNIT [COFFEE BROWN]	51078	138000	10
CASHMERE WOOL CREWNECK KNIT [DARK GREEN]	51078	138000	10
CASHMERE WOOL CREWNECK KNIT [DARK WINE]	51078	138000	10
CASHMERE WOOL CREWNECK KNIT [GRAYISH BLUE]	51078	138000	10
CASHMERE WOOL CREWNECK KNIT [LIGHT BEIGE]	51078	138000	10
CASHMERE WOOL CREWNECK KNIT [LIGHT GRAY]	51078	138000	10
CASHMERE WOOL CREWNECK KNIT [MAROON]	51078	138000	10
CASHMERE WOOL CREWNECK KNIT [MELANGE BEIGE]	51078	138000	10
CASHMERE WOOL CREWNECK KNIT [MELANGE BLUE]	51078	138000	10
CASHMERE WOOL CREWNECK KNIT [MELANGE GRAY]	51078	138000	10
CASHMERE WOOL CREWNECK KNIT [MELANGE LIGHT GRAY]	51078	138000	10
CASHMERE WOOL CREWNECK KNIT [MELANGE NAVY]	51078	138000	10
CASHMERE WOOL CREWNECK KNIT [MOCHA BROWN]	51078	138000	10
CASHMERE WOOL CREWNECK KNIT [PURE RED]	51078	138000	10
CASHMERE WOOL CREWNECK KNIT [PURPLE]	51078	138000	10
CASHMERE WOOL CREWNECK KNIT [RED]	51078	138000	10
CASHMERE WOOL CREWNECK KNIT [ROSE RED]	51078	138000	10
CASHMERE WOOL CREWNECK KNIT [STEEL BLUE]	51078	138000	10
CASHMERE WOOL CREWNECK KNIT [VIOLET]	51078	138000	10
CASHMERE WOOL V-NECK KNIT [BLACK]	51078	138000	10
CASHMERE WOOL V-NECK KNIT [DARK GRAY]	51078	138000	10
CASHMERE WOOL V-NECK KNIT [DARK NAVY]	51078	138000	10
CASK WOOL HEAVY SWEATER [BLACK]	59053	148000	5
CASK WOOL HEAVY SWEATER [BROWN]	59053	148000	5
CASK WOOL HEAVY SWEATER [DARK GRAY]	59053	148000	5
CASK WOOL HEAVY SWEATER [IVORY STRIPE]	59053	148000	5
CASK WOOL HEAVY SWEATER [IVORY]	59053	148000	5
CASK WOOL HEAVY SWEATER [LIGHT GRAY]	59053	148000	5
CASK WOOL HEAVY SWEATER [NAVY STRIPE]	59053	148000	5
CASK WOOL HEAVY SWEATER [NAVY]	59053	148000	5
CATAPULT LOGO PRINTED SWEATSHIRT [GRAY]	31542	79000	5
CATAPULT LOGO PRINTED SWEATSHIRT [NAVY]	31542	79000	5
CATAPULT LOGO PRINTED T-SHIRT [GRAY]	24576	68000	10
CATAPULT LOGO PRINTED T-SHIRT [NAVY]	23985	68000	10
CHAMBRAY WORK HALF SHIRT [BLACK]	31144	79000	5
CHAMBRAY WORK HALF SHIRT [BLUE]	31144	79000	5
COLLAR HALF ZIP SWEATSHIRT [DYED BLACK]	45160	89000	5
COMFORT WOOL KNIT HOOD [CHARCOAL]	56798	118000	5
COMFORT WOOL KNIT HOOD [GRAY]	56798	118000	5
CONE DENIM WORK JACKET	73887	149000	5
CORDUROY COMFORT PANTS [BLACK]	49529	109000	5
CORDUROY COMFORT PANTS [CEMENT GRAY]	49529	109000	5
CORDUROY TWO PLEATS WIDE PANTS [BROWN]	50022	109000	5
CORDUROY TWO PLEATS WIDE PANTS [NAVY]	50022	109000	5
CORDUROY WORK SHIRT [DOVE]	37533	79000	5
CORDUROY WORK SHIRT [MOCHA]	37533	79000	5
COTTON CREW JACKET [BLACK]	107321	239000	5
COTTON WORK JACKET [WASHED BLACK]	65637	149000	5
CRAFT HENLEY L/S T-SHIRT [GRAPHITE]	22806	58000	10
CRAFT HENLEY L/S T-SHIRT [MELANGE GRAY]	22806	58000	10
CRAFT HENLEY L/S T-SHIRT [OFF WHITE]	22806	58000	10
CRAFT HENLEY T-SHIRT [GRAPHITE]	19949	52000	10
CRAFT HENLEY T-SHIRT [MELANGE GRAY]	19949	52000	10
CRAFT HENLEY T-SHIRT [OFF WHITE]	19949	52000	10
DAMAGED REPLICA CARGO PANTS V2 [BLACK]	60959	148000	10
DAMAGED REPLICA CARGO PANTS V2 [KHAKI]	60959	148000	10
DELPHI TRUCKER JACKET [VINTAGE BLACK]	59049	159000	5
DENIM BERMUDA SHORTS [BLACK]	25711	78000	20
DENIM BERMUDA SHORTS [BLUE]	25711	78000	20
DENIM WORK SHIRT [BLACK]	30200	79000	5
DENIM WORK SHIRT [BLUE]	32400	79000	5
DENIM WORK SHIRT [MID BLUE]	33900	79000	5
DENSE RIB HOODIE JACKET [DARK GRAY]	76356	188000	5
DENSE RIB HOODIE JACKET [KHAKI BROWN]	76356	188000	5
DONEGAL CASHMERE 100 CARDIGAN [CAVIAR]	175606	298000	5
DONEGAL CASHMERE 100 CARDIGAN [FOSSIL]	175606	298000	5
DYED LAUNDRY SHIRT (CHARCOAL)	33646	83000	5
DYED LAUNDRY SHIRT (CONCRETE)	33646	83000	5
DYED LAUNDRY SHIRT (FOG)	33646	83000	5
DYED LAUNDRY SHIRT (HEATHER GRAY)	33646	83000	5
DYED LAUNDRY SHIRT (NAVY)	33646	83000	5
DYED LAUNDRY SHIRT (OCEAN BLUE)	33646	83000	5
DYED LAUNDRY SHIRT (PALE GREEN)	33646	83000	5
DYED NARROW BORDER L/S T-SHIRT [BLACK]	28956	64000	10
DYED NARROW BORDER L/S T-SHIRT [BLUE GRAY]	27856	64000	10
DYED NARROW BORDER L/S T-SHIRT [BROWN]	27856	64000	10
DYED NARROW BORDER L/S T-SHIRT [FADED NAVY]	29515	64000	0
EAU DE PARFUM 50ml [HINOKI]	10999	86000	20
EDITOR SHIRT [CEMENT BEIGE]	30823	72000	5
EDITOR SHIRT [DEEP BROWN]	30823	72000	5
EDITOR SHIRT [FOG]	33325	72000	5
EDITOR SHIRT [GRAPHITE]	33325	72000	5
EDITOR SHIRT [GRAY PINK]	30823	72000	5
EDITOR SHIRT [GRAY]	33325	72000	5
EDITOR SHIRT [ICE BLUE]	30823	72000	5
EDITOR SHIRT [INK NAVY]	31252	72000	10
EDITOR SHIRT [MUD]	31252	72000	10
EDITOR SHIRT [OCEAN BLUE]	33325	72000	5
EDITOR SHIRT [PURPLE GRAY]	30823	72000	5
EDITOR SHIRT [TEAL BLUE]	30823	72000	5
EDITOR SHIRT [WASHED BLACK]	30823	72000	5
EDITOR SHIRT [WHITE]	33325	72000	5
EDITOR STRIPE SHIRT [BLACK]	29063	72000	5
EDITOR STRIPE SHIRT [BLUE/GRAY]	33599	72000	5
FADED LONG SLEEVE (BLACK)	27139	69000	10
FAIRFIELD FLANNEL SHIRT	34552	87000	10
FLANNEL TWO PLEATS WIDE PANTS [BLACK]	65401	119000	5
FLANNEL TWO PLEATS WIDE PANTS [CHARCOAL]	65401	119000	5
FLIGHT BOMBER JACKET [BLACK]	95222	229000	5
FLIGHT BOMBER JACKET [KHAKI]	95222	229000	5
FOX WAFFLE SWEATER [BLACK]	71494	168000	5
FOX WAFFLE SWEATER [DEEP GRAY]	71494	168000	5
FOX WAFFLE SWEATER [GRAY]	71494	168000	5
FOX WAFFLE SWEATER [IVORY]	71494	168000	5
FOX WAFFLE SWEATER [LAVENDER]	71494	168000	5
FOX WAFFLE SWEATER [NATURAL BROWN]	71494	168000	5
FOX WAFFLE SWEATER [WINE]	71494	168000	5
FRIDAY MERINO WOOL KNIT [BLACK]	45017	128000	10
FRIDAY MERINO WOOL KNIT [BROWN]	45017	128000	10
FRIDAY MERINO WOOL KNIT [CHARCOAL]	45017	128000	10
FRIDAY MERINO WOOL KNIT [DUST PINK]	45017	128000	10
FRIDAY MERINO WOOL KNIT [NAVY]	45017	128000	10
FRIDAY MERINO WOOL KNIT [WASHED BLUE]	45017	128000	10
FRIDAY MERINO WOOL KNIT [WASHED BROWN]	45017	128000	10
GREENWICH OMBRE SHIRT	34288	87000	10
H.I.A LOGO PRINTED HOODY [BLACK]	37180	89000	10
H.I.A LOGO SWEATSHIRT [BLACK]	35235	79000	5
H.I.A LOGO SWEATSHIRT [NAVY]	35235	79000	5
HARBOR STRIPE KNIT [MARINE GRAY]	49777	138000	5
HARBOR STRIPE KNIT [MONOCHROME BLACK]	50754	138000	5
HARBOR STRIPE KNIT [MOONLIT NAVY]	49777	138000	5
HARBOR STRIPE KNIT [MOSS BROWN]	49126	138000	5
HARBOR STRIPE KNIT [PEBBLE BEIGE]	49818	138000	5
HARBOR STRIPE KNIT [RUSTY CHARCOAL]	49940	138000	5
HARD TWIST 2LINE STRIPE POLO KNIT [BEIGE]	33516	79000	10
HARD TWIST 2LINE STRIPE POLO KNIT [BLACK]	33516	79000	10
HARD TWIST CAMPER KNIT [BLACK]	35126	82000	5
HARD TWIST CAMPER KNIT [DEEP BROWN]	35126	82000	5
HARD TWIST CAMPER KNIT [GRAPHITE]	35126	82000	5
HARD TWIST CAMPER KNIT [INK NAVY]	35126	82000	5
HARD TWIST COMFORT POLO KNIT [BLACK]	31316	79000	10
HARD TWIST COMFORT POLO KNIT [DEEP BLUE]	31316	79000	10
HARD TWIST COMFORT POLO KNIT [DEEP BROWN]	31316	79000	10
HARD TWIST COMFORT POLO KNIT [FOG]	31316	79000	10
HARD TWIST COMFORT POLO KNIT [GRAPHITE]	31316	79000	10
HARD TWIST COMFORT POLO KNIT [INK NAVY]	31316	79000	10
HARD TWIST COMFORT POLO KNIT [IVORY]	31316	79000	15
HARD TWIST COMFORT POLO KNIT [LAVENDER GRAY]	31316	79000	10
HARD TWIST COMFORT POLO KNIT [MUD]	31316	79000	10
HARD TWIST COMFORT POLO KNIT [OFF WHITE]	31316	79000	10
HARD TWIST COMFORT POLO KNIT [PURPLE GRAY]	31316	79000	10
HARD TWIST COMFORT POLO KNIT [WARM GRAY]	31316	79000	10
HARD TWIST COTTON CABLE POLO KNIT [BLACK]	33516	79000	10
HARD TWIST COTTON CABLE POLO KNIT [DARK NAVY]	33516	79000	10
HARD TWIST COTTON CABLE POLO KNIT [GRAPHITE]	33516	79000	10
HARD TWIST COTTON CABLE POLO KNIT [MUD]	33516	79000	10
HARD TWIST COTTON CREWNECK KNIT [BLACK]	31800	89000	5
HARD TWIST COTTON CREWNECK KNIT [BLUE GRAY]	31800	89000	5
HARD TWIST COTTON CREWNECK KNIT [CHARCOAL]	31800	89000	5
HARD TWIST COTTON CREWNECK KNIT [MAUVE BROWN]	31800	89000	5
HARD TWIST COTTON CREWNECK KNIT [MELANGE GRAY]	31800	89000	5
HARD TWIST COTTON RIBBED KNIT [BLACK]	37482	98000	5
HARD TWIST COTTON RIBBED KNIT [BLUE GRAY]	37482	98000	5
HARD TWIST COTTON RIBBED KNIT [CHARCOAL]	37482	98000	5
HARD TWIST COTTON RIBBED KNIT [MAUVE BROWN]	37482	98000	5
HARD TWIST COTTON RIBBED KNIT [MELANGE GRAY]	37482	98000	5
HARD TWIST COTTON V-NECK KNIT [BLACK]	32900	89000	5
HARD TWIST COTTON V-NECK KNIT [CHARCOAL]	32900	89000	5
HARD TWIST COTTON V-NECK KNIT [INK NAVY]	32900	89000	5
HARD TWIST COTTON V-NECK KNIT [MELANGE GRAY]	32900	89000	5
HARD TWIST COTTON ZIP-UP KNIT [BLACK]	47162	118000	5
HARD TWIST COTTON ZIP-UP KNIT [CHARCOAL]	47162	118000	5
HARD TWIST COTTON ZIP-UP KNIT [GRAYISH KHAKI]	47162	118000	5
HARD TWIST COTTON ZIP-UP KNIT [MELANGE GRAY]	47162	118000	5
HARD TWIST CREWNECK HALF KNIT [LIGHT BROWN]	30700	79000	10
HARD TWIST CREWNECK HALF KNIT [SAND BEIGE]	30700	79000	10
HARD TWIST CREWNECK HALF KNIT [SKY BLUE]	30700	79000	10
HARD TWIST CREWNECK HALF KNIT [WARM GRAY]	30700	79000	10
HARD TWIST GATHERWELL STRIPE POLO KNIT [DEEP FOREST]	33177	79000	10
HARD TWIST GATHERWELL STRIPE POLO KNIT [GARNET GRAY]	33150	79000	10
HARD TWIST GATHERWELL STRIPE POLO KNIT [MOSS BEIGE]	33177	79000	10
HARD TWIST HENLEY-NECK HALF KNIT [BLACK]	34349	79000	10
HARD TWIST HENLEY-NECK HALF KNIT [GRAPHITE]	34349	79000	10
HARD TWIST HENLEY-NECK HALF KNIT [INK NAVY]	34349	79000	10
HARD TWIST HENLEY-NECK HALF KNIT [MELANGE GRAY]	34349	79000	10
HARD TWIST HENLEY-NECK HALF KNIT [OFF WHITE]	34349	79000	10
HARD TWIST HENLEY-NECK KNIT [BLACK]	37306	89000	5
HARD TWIST HENLEY-NECK KNIT [MELANGE GRAY]	37306	89000	5
HARD TWIST NARROW STRIPE POLO KNIT [BLACK]	31316	79000	10
HARD TWIST NARROW STRIPE POLO KNIT [BROWN]	31316	79000	10
HARD TWIST NARROW STRIPE POLO KNIT [GRAY]	31316	79000	10
HARD TWIST SPREAD POLO HALF KNIT [BLACK]	34257	79000	10
HARD TWIST SPREAD POLO HALF KNIT [GRAPHITE]	34257	79000	10
HARD TWIST SPREAD POLO HALF KNIT [INK NAVY]	34257	79000	10
HARD TWIST SPREAD POLO HALF KNIT [MELANGE GRAY]	34257	79000	10
HARD TWIST SPREAD POLO HALF KNIT [OFF WHITE]	34257	79000	10
HARD TWIST SPREAD POLO KNIT [BLACK]	36844	89000	5
HARD TWIST SPREAD POLO KNIT [MELANGE GRAY]	36844	89000	5
HARD TWIST TRIP POLO KNIT [BEIGE STRIPE]	34486	79000	5
HARD TWIST TRIP POLO KNIT [BLACK]	34486	79000	5
HARD TWIST TRIP POLO KNIT [GRAPHITE]	34486	79000	5
HARD TWIST TRIP POLO KNIT [INK NAVY]	34486	79000	5
HARD TWIST TRIP POLO KNIT [MUD]	34486	79000	5
HAZE STRIPE SHIRT [MELANGE BLUE]	29512	87000	10
HAZE STRIPE SHIRT [MELANGE PINK]	29512	87000	10
HERITAGE WASHED BALL CAP [BLACK]	19042	43000	12
HERITAGE WASHED BALL CAP [CHARCOAL]	10517	43000	12
HERITAGE WASHED BALL CAP [GREEN]	9692	43000	12
HERITAGE WASHED BALL CAP [NAVY]	9692	43000	12
HERRINGBONE LINE WIDE SLACKS [BLACK]	45757	119000	5
HERRINGBONE REVERSIBLE LINER JACKET [GRAPHITE/GRAY]	66070	189000	5
HONEYWELL STRIPE SHIRT	32732	87000	10
HUNTER HEAVY WOOL ROUND CARDIGAN [BLACK]	71263	228000	5
HUNTER HEAVY WOOL ROUND CARDIGAN [CHARCOAL]	71263	228000	5
HUNTER HEAVY WOOL ROUND CARDIGAN [NATURAL BROWN]	71263	228000	5
HUNTER HEAVY WOOL ROUND CARDIGAN [NAVY]	71263	228000	5
HUNTER HEAVY WOOL ROUND CARDIGAN [RED]	71263	228000	5
ITALY LAMBSKIN A2 JACKET [BLACK]	284267	654000	10
ITALY LAMBSKIN SINGLE JACKET [BLACK EDITION]	309787	726000	10
ITALY LAMBSKIN SINGLE JACKET [BLACK]	299557	654000	10
KENSINGTON HALF SHIRT	27442	82000	5
KENSINGTON SHIRT	30069	82000	5
KITTY HAWK LOGO PRINTED SWEATSHIRT [MELANGE GRAY]	34784	79000	5
KITTY HAWK LOGO PRINTED T-SHIRT [MELANGE GRAY]	22117	58000	10
LAUNDRY CHECK SHIRT [PINK]	29833	82000	8
LAUNDRY COTTON KNIT [BLACK]	44016	118000	10
LAUNDRY COTTON KNIT [CHARCOAL]	44016	118000	10
LAUNDRY COTTON KNIT [DARK BROWN]	44016	118000	10
LAUNDRY COTTON KNIT [IVORY]	44016	118000	10
LAUNDRY COTTON KNIT [LIGHT GRAY]	44016	118000	10
LAUNDRY COTTON KNIT [NAVY]	44016	118000	10
LAUNDRY COTTON KNIT [SILVER GRAY]	44016	118000	10
LAUNDRY COTTON KNIT [STEEL BLUE]	44016	118000	10
LAUNDRY DENIM SHIRT (BLACK)	30053	83000	5
LAUNDRY DENIM SHIRT (ONE WASH)	30053	83000	5
LAUNDRY SHIRT (BROWN)	28733	62000	5
LAUNDRY SHIRT (BROWN)	28733	62000	0
LAUNDRY SHIRT (CHARCOAL)	28733	62000	5
LAUNDRY SHIRT (GRAY)	28733	62000	5
LAUNDRY SHIRT (ICE BLUE)	28733	62000	5
LAUNDRY SHIRT (KHAKI GRAY)	28733	62000	5
LAUNDRY SHIRT (LAVENDER GRAY)	28733	62000	5
LAUNDRY SHIRT (LEMON)	28733	62000	5
LAUNDRY SHIRT (LIGHT GREEN)	28733	62000	5
LAUNDRY SHIRT (LILAC)	28733	62000	5
LAUNDRY SHIRT (NAVY)	28733	62000	5
LAUNDRY SHIRT (OCEAN BLUE)	28733	62000	5
LAUNDRY SHIRT (PURPLE GRAY)	28733	62000	5
LAUNDRY SHIRT (SAHARA)	28733	62000	5
LAUNDRY SHIRT (SKY BLUE)	28733	62000	5
LAUNDRY SHIRT (WHITE)	28733	62000	5
LAUNDRY SHIRT [DEEP CHARCOAL]	28733	62000	5
LAUNDRY SHIRT [GRAY PINK]	28733	62000	5
LAUNDRY SHIRT [SAX BLUE]	28733	62000	5
LAUNDRY SMALL CHECK SHIRT [BLACK]	36103	72000	5
LAUNDRY SMALL CHECK SHIRT [BLUE GRAY]	36103	72000	5
LAUNDRY SMALL CHECK SHIRT [CHARCOAL BLACK]	36103	72000	5
LAUNDRY SMALL CHECK SHIRT [IVORY]	36103	72000	5
LAUNDRY STRIPE SHIRT [BLUE]	34376	79000	5
LAUNDRY STRIPE SHIRT [LIGHT GRAY]	34376	79000	5
LENITAS HALF COAT [KHAKI BROWN]	154063	308000	5
M65 FISHTAIL PARKA [BLACK]	162436	278000	0
M65 FISHTAIL PARKA [KHAKI]	162326	278000	0
M65 WIDE CARGO PANTS [BEIGE]	71063	149000	5
M65 WIDE CARGO PANTS [BLACK]	71063	149000	5
M65 WIDE CARGO PANTS [FADED OLIVE]	71063	149000	5
M65 WIDE CARGO PANTS [KHAKI]	71063	149000	5
M65 WIDE CARGO SHORTS [BEIGE]	63474	129000	10
M65 WIDE CARGO SHORTS [KHAKI]	63474	129000	10
M65 WIDE CARGO SHORTS [NAVY]	63474	129000	10
MAYFAIR STRIPE SHIRT	32732	87000	10
MIL MA-1 JACKET [BLACK]	96106	229000	5
MIL MA-1 JACKET [KHAKI]	96106	229000	5
MILITARY TOTE BAG [WASHED NAVY]	34858	89000	10
MUTED STRIPE CREWNECK KNIT [IRISH GRAY]	35315	98000	5
MUTED STRIPE CREWNECK KNIT [OBSIDIAN OLIVE]	35315	98000	5
NARROW BORDER L/S T-SHIRT [WASHED NAVY]	22981	59000	5
NARROW BORDER T-SHIRT [GRAY]	17822	58000	10
NARROW BORDER T-SHIRT [IVORY]	17822	58000	10
NARROW BORDER T-SHIRT [KHAKI]	17822	58000	10
NARROW BORDER T-SHIRT [NAVY]	17822	58000	10
NATIONAL PARK VISITOR CENTER T-SHIRT [LIGHT GRAY]	23352	48000	10
NATIONAL PARK VISITOR CENTER T-SHIRT [MELANGE GRAY]	23352	48000	10
NEVIS BALMACAN COAT [BLACK]	183892	378000	5
OLDEST HOOD ZIP UP [CHARCOAL]	57682	129000	5
ONE TUCK SIDE ADJUSTER CHINO PANTS [CHARCOAL]	56053	139000	0
ONE TUCK SIDE ADJUSTER CHINO PANTS [SAHARA]	56053	139000	5
ONE TUCK SIDE ADJUSTER CHINO PANTS [STONE]	56053	139000	5
ONE TUCK WIDE CHINO PANTS [WASHED BEIGE]	58147	129000	5
ONE TUCK WIDE CHINO PANTS [WASHED BLACK]	58048	129000	5
ORTEGA KNIT BLOUSON [MELANGE GRAY]	69580	168000	5
PIN CHECK SUNDAY SHIRT [ANTIQUE GRAPHITE]	34422	72000	5
PIN CHECK SUNDAY SHIRT [FADED INDIGO]	34422	72000	5
PREMIER CRU WOOL ELEVEN KNIT [BLACK]	48856	139000	5
PREMIER CRU WOOL ELEVEN KNIT [CREAM]	48856	139000	5
PREMIER CRU WOOL ELEVEN KNIT [DARK NAVY]	48856	139000	5
PREMIER CRU WOOL ELEVEN KNIT [MELANGE GRAY]	48856	139000	5
PREMIER CRU WOOL ELEVEN KNIT [NATURAL BROWN]	48856	139000	5
PURE WOOL LONG MUFFLER [GRAY]	18681	89000	10
PURE WOOL LONG MUFFLER [MOCHA BROWN]	18681	89000	10
PURE WOOL LONG MUFFLER [RED]	18681	89000	10
RACE HORSE RYE LONG SLEEVE [DYED BLACK]	33260	69000	5
REPLICA MULTI CARGO PANTS [BLACK]	83157	158000	5
REPLICA MULTI CARGO PANTS [KHAKI]	83157	158000	5
REVERSIBLE LINER JACKET [BLACK/KHAKI]	66070	179000	5
RODNEY HARRINGTON JACKET [BROWN]	143114	298000	5
RODNEY HARRINGTON JACKET [NAVY]	143114	298000	5
RUGBY MERINO POLO KNIT [BLACK STRIPE]	52893	139000	5
RUGBY MERINO POLO KNIT [BLUE STRIPE]	52893	139000	5
RUGBY MERINO POLO KNIT [BROWN STRIPE]	52893	139000	5
RUGBY MERINO POLO KNIT [BROWN]	52893	139000	5
RUGBY MERINO POLO KNIT [CHARCOAL STRIPE]	52893	139000	0
RUGBY MERINO POLO KNIT [CHARCOAL]	52893	139000	5
RUGBY MERINO POLO KNIT [NAVY]	52893	139000	5
RUGBY MERINO POLO KNIT [WINE STRIPE]	52893	139000	5
SEERSUCKER SUNDAY SHIRT [BLACK STRIPE]	26634	69000	5
SEERSUCKER SUNDAY SHIRT [BLACK]	22397	69000	5
SEERSUCKER SUNDAY SHIRT [NAVY]	22397	69000	5
SEFM HALF ZIP WOOL SWEATER [BLACK]	52288	158000	20
SEFM HALF ZIP WOOL SWEATER [CHARCOAL]	52288	158000	20
SEFM HALF ZIP WOOL SWEATER [GRAY]	52288	158000	20
SHADE LINE WIDE SLACKS [CHARCOAL]	45823	119000	5
SMALL CHECK SUNDAY SHIRT [BLACK]	30572	69000	5
SMALL CHECK SUNDAY SHIRT [BLUE GRAY]	30572	69000	5
SMALL CHECK SUNDAY SHIRT [CHARCOAL BLACK]	30572	69000	5
SMALL CHECK SUNDAY SHIRT [IVORY]	30572	69000	5
SMALL LOGO PRINTED T-SHIRT [BLACK]	22807	48000	10
SMALL LOGO PRINTED T-SHIRT [WHITE]	22807	48000	10
SOLID CROP CARDIGAN [BLACK]	48334	128000	10
SOLID CROP CARDIGAN [CHARCOAL]	48334	128000	10
SOLID CROP CARDIGAN [NAVY]	48334	128000	10
SOLID CROP CARDIGAN [RED]	48334	128000	10
SOMERSET FULL ZIP-UP SWEATER [BLACK]	83308	198000	5
SOMERSET FULL ZIP-UP SWEATER [CHARCOAL]	83308	198000	5
SOMERSET FULL ZIP-UP SWEATER [DARK NAVY]	83308	198000	5
SOMERSET FULL ZIP-UP SWEATER [GRAY]	83308	198000	5
SOMERSET FULL ZIP-UP SWEATER [SAND BEIGE]	83308	198000	5
STAMP OUT REALITY SWEATSHIRT [GRAY]	34842	79000	5
STAMP OUT REALITY SWEATSHIRT [NAVY]	34842	79000	5
STAMP OUT REALITY T-SHIRT [GRAY]	23030	68000	10
STRIPE SUNDAY SHIRT [IVORY]	30731	69000	5
STRIPE SUNDAY SHIRT [SKY BLUE]	28828	69000	5
STRIPE SUNDAY SHIRT [VIOLET]	28828	69000	5
STRUCTURED COLLAR KNIT [DARK GRAY]	44610	128000	35
STRUCTURED COLLAR KNIT [KHAKI GRAY]	44610	128000	35
STRUCTURED COLLAR KNIT [STEEL BLUE]	44610	128000	35
STRUCTURED CROP CARDIGAN [BRICK]	52475	138000	35
STRUCTURED CROP CARDIGAN [CHARCOAL]	52475	138000	35
STRUCTURED CROP CARDIGAN [MELANGE BROWN]	52475	138000	35
STRUCTURED CROP CARDIGAN [MELANGE GRAY]	52475	138000	35
STRUCTURED CROP SHIFT CARDIGAN [CHARCOAL]	55302	148000	20
STRUCTURED CROP SHIFT CARDIGAN [KHAKI BROWN]	55302	148000	20
SUNDAY SHIRT (DEEP CHARCOAL)	30297	65000	5
SUNDAY SHIRT (FOG)	30297	65000	5
SUNDAY SHIRT (GRAPHITE)	30297	65000	5
SUNDAY SHIRT (GRAY)	30297	65000	5
SUNDAY SHIRT (INK NAVY)	30297	65000	5
SUNDAY SHIRT (LAVENDER GRAY)	25512	62000	0
SUNDAY SHIRT (LEMONADE)	30297	65000	5
SUNDAY SHIRT (LIME GREEN)	30297	65000	5
SUNDAY SHIRT (OCEAN BLUE)	30297	65000	5
SUNDAY SHIRT (PINK)	30297	65000	5
SUNDAY SHIRT (PURPLE GRAY)	30297	65000	5
SUNDAY SHIRT (SKY BLUE)	25512	62000	0
SUNDAY SHIRT (WHITE)	25512	62000	0
SUPER FINE MERINO SHORT MUFFLER [CHARCOAL]	13181	68000	20
SUPER FINE MERINO SHORT MUFFLER [COBALT]	13181	68000	20
SUPER FINE MERINO SHORT MUFFLER [DARK GRAY]	13181	68000	20
SUPER FINE MERINO SHORT MUFFLER [DARK NAVY]	13181	68000	20
SUPER FINE MERINO SHORT MUFFLER [GRAYISH BLUE]	13181	68000	20
SUPER FINE MERINO SHORT MUFFLER [IVORY]	13181	68000	20
SUPER FINE MERINO SHORT MUFFLER [MAROON]	13181	68000	20
SUPER FINE MERINO SHORT MUFFLER [MELANGE BROWN]	13181	68000	20
SUPER FINE MERINO SHORT MUFFLER [MELANGE CREAM]	13181	68000	20
SUPER FINE MERINO SHORT MUFFLER [NAVY]	13181	68000	20
SUPER FINE MERINO SHORT MUFFLER [RED]	13181	68000	20
SURF TEAM LOGO PRINTED SWEATSHIRT [VINTAGE BLUE]	34234	79000	5
SURF TEAM LOGO PRINTED T-SHIRT [WHITE]	21045	58000	10
THAMES STRIPE SHIRT	32693	82000	5
TIPSY DRINKING TEAM BALL CAP [BLACK]	17722	43000	5
TIPSY DRINKING TEAM HOODY [BLACK]	37180	89000	10
TIPSY DRINKING TEAM SWEATSHIRT [BLACK]	34234	79000	5
TWO POCKET COLLAR CARDIGAN [DARK NAVY]	60824	158000	5
TWO POCKET COLLAR CARDIGAN [MELANGE GRAY]	60824	158000	5
TWO POCKET SUNDAY SHIRT [NAVY]	29934	69000	5
TWO POCKET SUNDAY SHIRT [SKY BLUE]	29934	69000	5
TWO POCKET SUNDAY SHIRT [WHITE]	29934	69000	5
TWO TUCK WIDE CHINO PANTS [WASHED BEIGE]	48714	129000	0
TWO TUCK WIDE CHINO PANTS [WASHED BLACK]	48714	129000	0
TWO TUCK WIDE SWEAT PANTS [BLACK]	33659	79000	5
TWO TUCK WIDE SWEAT PANTS [CHARCOAL]	33659	79000	5
TWO TUCK WIDE SWEAT PANTS [INK NAVY]	33659	79000	5
TWO TUCK WIDE SWEAT PANTS [KHAKI]	33659	79000	5
TWO TUCK WIDE SWEAT PANTS [LIGHT GRAY]	33659	79000	5
TWO TUCK WIDE SWEAT PANTS [MELANGE GRAY]	33197	79000	5
VTG BLAIR LOGO PRINTED T-SHIRT [BLACK]	21045	58000	10
VTG NEWYORK LOGO PRINTED T-SHIRT [CHARCOAL]	21595	58000	10
WASHED BORDER L/S T-SHIRT [CASHEW NUT]	30559	72000	10
WASHED BORDER L/S T-SHIRT [HAZEL]	29477	72000	10
WASHED BORDER L/S T-SHIRT [PISTACHIO]	30559	72000	10
WASHED BORDER S/S T-SHIRT [CASHEW NUT]	23239	64000	10
WASHED BORDER S/S T-SHIRT [PISTACHIO]	23239	64000	10
WASHED FINE BORDER L/S T-SHIRT [BROWN]	24108	72000	10
WASHED LONG SLEEVE (BLACK)	24939	59000	10
WASHED LONG SLEEVE (CHARCOAL)	24939	59000	10
WASHED LONG SLEEVE (KHAKI GRAY)	24939	59000	10
WASHED LONG SLEEVE (MELANGE GRAY)	24939	59000	5
WASHED LONG SLEEVE (WHITE)	24939	59000	10
WE WANT BEER HOODY [KHAKI GRAY]	37180	89000	10
WOOL WAFFLE V-NECK CARDIGAN [BLACK]	72902	128000	5
WOOL WAFFLE V-NECK CARDIGAN [GRAY]	72902	128000	5
